{
    "name": "pxt-audio-recording",
    "version": "0.0.9",
    "description": "Record sound clips. micro:bit (V2) only",
    "license": "MIT",
    "dependencies": {
        "core": "*"
    },
    "files": [
        "README.md",
        "recording.cpp",
        "recording.ts",
        "shims.d.ts",
        "enums.d.ts"
    ],
    "testFiles": [
        "test.ts"
    ],
    "public": true,
    "targetVersions": {
        "target": "8.0.16",
        "targetId": "microbit"
    },
    "supportedTargets": [
        "microbit"
    ],
    "preferredEditor": "tsprj"
}
